utc,elapsed_s,phase,image_uuid,db_data_version,graph_revision,schema_version,db_probe_error,user_time,system_time,pkg_idle_wkups,interrupt_wkups,pageins,wired_size,resident_size,phys_footprint,proc_start_abstime,proc_exit_abstime,child_user_time,child_system_time,child_pkg_idle_wkups,child_interrupt_wkups,child_pageins,child_elapsed_abstime,diskio_bytesread,diskio_byteswritten
2026-10-09T06:25:13.855063+00:00,0.0003528329834807664,baseline,4c4c4429-5555-3144-a1cb-88eb626eaaea,2,15,57,,436039558,185509499,593,38488,17,0,159744000,1305167720,4266977081443,0,7279128,5784657,209,2136,2244,89275944,1810321408,106176512
2026-10-09T06:25:13.856487+00:00,0.0017769159749150276,sample_1,4c4c4429-5555-3144-a1cb-88eb626eaaea,2,15,57,,436039558,185509499,593,38488,17,0,159744000,1305167720,4266977081443,0,7279128,5784657,209,2136,2244,89275944,1810321408,106176512
2026-10-09T06:25:14.861666+00:00,1.0069546659942716,sample_1,4c4c4429-5555-3144-a1cb-88eb626eaaea,2,15,57,,436517662,185603884,593,38578,17,0,161464320,1305167720,4266977081443,0,7279128,5784657,209,2136,2244,89275944,1810321408,106176512
2026-10-09T06:25:15.865588+00:00,2.0108796659915242,sample_1,4c4c4429-5555-3144-a1cb-88eb626eaaea,2,15,57,,437330770,185720030,595,38700,17,0,161906688,1305233256,4266977081443,0,7279128,5784657,209,2136,2244,89275944,1810321408,106176512
2026-10-09T06:25:16.870734+00:00,3.0160317499830853,sample_1,4c4c4429-5555-3144-a1cb-88eb626eaaea,2,15,57,,438325018,185863506,597,38826,17,0,162103296,1305282408,4266977081443,0,7279128,5784657,209,2136,2244,89275944,1810358272,106176512
2026-10-09T06:25:17.875902+00:00,4.021205790981185,sample_1,4c4c4429-5555-3144-a1cb-88eb626eaaea,2,15,57,,439370218,185996414,598,38954,17,0,162398208,1305364328,4266977081443,0,7279128,5784657,209,2136,2244,89275944,1810358272,106176512
2026-10-09T06:25:18.879058+00:00,5.024370415980229,sample_1,4c4c4429-5555-3144-a1cb-88eb626eaaea,2,15,57,,440380081,186110435,599,39073,17,0,162512896,1305446248,4266977081443,0,7279128,5784657,209,2136,2244,89275944,1810358272,106176512
2026-10-09T06:25:19.884269+00:00,6.0295844999782275,sample_1,4c4c4429-5555-3144-a1cb-88eb626eaaea,2,15,57,,441233482,186186168,599,39172,17,0,162627584,1305511784,4266977081443,0,7279128,5784657,209,2136,2244,89275944,1810358272,106176512
2026-10-09T06:25:20.889433+00:00,7.034755915985443,sample_1,4c4c4429-5555-3144-a1cb-88eb626eaaea,2,15,57,,441945364,186253143,599,39259,17,0,162627584,1305511784,4266977081443,0,7279128,5784657,209,2136,2244,89275944,1810358272,106176512
2026-10-09T06:25:21.889774+00:00,8.035102207999444,sample_1,4c4c4429-5555-3144-a1cb-88eb626eaaea,2,15,57,,442710769,186329024,599,39348,17,0,162627584,1305511784,4266977081443,0,7279128,5784657,209,2136,2244,89275944,1810358272,106176512
2026-10-09T06:25:22.892666+00:00,9.037999041000148,sample_1,4c4c4429-5555-3144-a1cb-88eb626eaaea,2,15,57,,443965970,186697554,599,39440,17,0,162627584,1305511784,4266977081443,0,7279128,5784657,209,2136,2244,89275944,1817108480,106176512
2026-10-09T06:25:23.894658+00:00,10.040015415987,sample_1,4c4c4429-5555-3144-a1cb-88eb626eaaea,2,15,57,,444692757,186772582,600,39527,17,0,162627584,1305511784,4266977081443,0,7279128,5784657,209,2136,2244,89275944,1817108480,106176512
2026-10-09T06:25:24.895750+00:00,11.041096499975538,sample_1,4c4c4429-5555-3144-a1cb-88eb626eaaea,2,15,57,,445412889,186838711,601,39611,17,0,162627584,1305511784,4266977081443,0,7279128,5784657,209,2136,2244,89275944,1817108480,106176512
2026-10-09T06:25:24.895926+00:00,11.0412642499723,recovery,4c4c4429-5555-3144-a1cb-88eb626eaaea,2,15,57,,445416325,186838719,601,39611,17,0,162627584,1305511784,4266977081443,0,7279128,5784657,209,2136,2244,89275944,1817108480,106176512
2026-10-09T06:25:25.900557+00:00,12.045909332984593,recovery,4c4c4429-5555-3144-a1cb-88eb626eaaea,2,15,57,,446259578,186922068,601,39703,17,0,162627584,1305511784,4266977081443,0,7279128,5784657,209,2136,2244,89275944,1817124864,106176512
2026-10-09T06:25:26.905714+00:00,13.05106945798616,recovery,4c4c4429-5555-3144-a1cb-88eb626eaaea,2,15,57,,446983214,186991915,601,39792,17,0,162627584,1305511784,4266977081443,0,7279128,5784657,209,2136,2244,89275944,1817124864,106176512
2026-10-09T06:25:27.897379+00:00,14.04274183299276,recovery,4c4c4429-5555-3144-a1cb-88eb626eaaea,2,15,57,,447728845,187066761,601,39878,17,0,162643968,1305511784,4266977081443,0,7279128,5784657,209,2136,2244,89275944,1817124864,106176512
