utc,elapsed_s,phase,db_data_version,db_probe_error,user_time,system_time,pkg_idle_wkups,interrupt_wkups,pageins,wired_size,resident_size,phys_footprint,proc_start_abstime,proc_exit_abstime,child_user_time,child_system_time,child_pkg_idle_wkups,child_interrupt_wkups,child_pageins,child_elapsed_abstime,diskio_bytesread,diskio_byteswritten
2026-10-09T03:39:05.834691+00:00,0.00031145900720730424,baseline,2,,9668296305,2050106989,955,127512,6,0,2603630592,3216772912,4003845043329,0,39366258,38941200,0,1240,1978,181900307,1931264000,18956288
2026-10-09T03:39:06.840219+00:00,1.0058925000193994,baseline,2,,9668894697,2050203198,955,127597,6,0,2603630592,3216772912,4003845043329,0,39366258,38941200,0,1240,1978,181900307,1931264000,18956288
2026-10-09T03:39:07.845605+00:00,2.0113157920131925,baseline,2,,9669750098,2050375736,955,127687,6,0,2603630592,3216772912,4003845043329,0,39366258,38941200,0,1240,1978,181900307,1931264000,18956288
2026-10-09T03:39:08.850887+00:00,3.01658879200113,baseline,2,,9670429330,2050464238,956,127775,6,0,2603630592,3216772912,4003845043329,0,39366258,38941200,0,1240,1978,181900307,1931264000,18956288
2026-10-09T03:39:09.856187+00:00,4.021920584025793,baseline,2,,9671069422,2050558386,956,127863,6,0,2603630592,3216772912,4003845043329,0,39366258,38941200,0,1240,1978,181900307,1931264000,18956288
2026-10-09T03:39:10.860256+00:00,5.0260121670144144,baseline,2,,9671926442,2050661236,958,127949,6,0,2599174144,3216772912,4003845043329,0,39366258,38941200,0,1240,1978,181900307,1931280384,18956288
2026-10-09T03:39:11.865578+00:00,6.031358084001113,baseline,2,,9672634814,2050754153,959,128039,6,0,2599174144,3216772912,4003845043329,0,39366258,38941200,0,1240,1978,181900307,1931296768,18956288
2026-10-09T03:39:12.870888+00:00,7.036691167013487,baseline,2,,9673340016,2050852588,959,128126,6,0,2599174144,3216772912,4003845043329,0,39366258,38941200,0,1240,1978,181900307,1931296768,18956288
2026-10-09T03:39:13.875496+00:00,8.041322917008074,baseline,2,,9674178107,2050947344,959,128215,6,0,2599174144,3216772912,4003845043329,0,39366258,38941200,0,1240,1978,181900307,1931296768,18956288
2026-10-09T03:39:14.876273+00:00,9.042125292005949,baseline,2,,9674860983,2051041641,959,128303,6,0,2599174144,3216772912,4003845043329,0,39366258,38941200,0,1240,1978,181900307,1931296768,18956288
2026-10-09T03:39:15.835997+00:00,10.001871875021607,baseline,2,,9675522864,2051129267,962,128387,6,0,2599174144,3216772912,4003845043329,0,39366258,38941200,0,1240,1978,181900307,1931296768,18956288
2026-10-09T03:39:15.841139+00:00,10.007063249999192,sample_1,2,,9675522864,2051129267,962,128387,6,0,2599174144,3216772912,4003845043329,0,39366258,38941200,0,1240,1978,181900307,1931296768,18956288
2026-10-09T03:39:16.846551+00:00,11.012461959006032,sample_1,2,,9676126574,2051210192,965,128474,6,0,2599174144,3216772912,4003845043329,0,39366258,38941200,0,1240,1978,181900307,1931296768,18956288
2026-10-09T03:39:17.848965+00:00,12.014887084020302,sample_1,2,,9676789316,2051303270,965,128561,6,0,2599174144,3216772912,4003845043329,0,39366258,38941200,0,1240,1978,181900307,1931296768,18956288
2026-10-09T03:39:18.854260+00:00,13.020205750013702,sample_1,2,,9677457598,2051404609,966,128651,6,0,2599174144,3216772912,4003845043329,0,39366258,38941200,0,1240,1978,181900307,1931296768,18956288
2026-10-09T03:39:19.857122+00:00,14.023102959006792,sample_1,2,,9678286378,2051505092,966,128738,6,0,2599174144,3216772912,4003845043329,0,39366258,38941200,0,1240,1978,181900307,1931296768,18956288
2026-10-09T03:39:20.862447+00:00,15.02844212501077,sample_1,2,,9679014116,2051601942,967,128825,6,0,2599174144,3216772912,4003845043329,0,39366258,38941200,0,1240,1978,181900307,1931296768,18956288
2026-10-09T03:39:21.864428+00:00,16.030434542015428,sample_1,2,,9682720649,2052314175,968,128914,6,0,2599174144,3216772912,4003845043329,0,39366258,38941200,0,1240,1978,181900307,1931296768,18956288
2026-10-09T03:39:22.871046+00:00,17.037080917012645,sample_1,2,,9702997553,2055729214,968,129000,6,0,2599174144,3216772912,4003845043329,0,39366258,38941200,0,1240,1978,181900307,1931296768,18956288
2026-10-09T03:39:23.876028+00:00,18.042083542008186,sample_1,2,,9723251555,2059194108,968,129083,6,0,2599174144,3216772912,4003845043329,0,39366258,38941200,0,1240,1978,181900307,1931313152,18956288
2026-10-09T03:39:24.879071+00:00,19.045148667006288,sample_1,2,,9743567731,2062605577,968,129173,6,0,2599174144,3216772912,4003845043329,0,39366258,38941200,0,1240,1978,181900307,1931329536,18956288
2026-10-09T03:39:25.884239+00:00,20.050357042026008,sample_1,2,,9755466978,2064564872,968,129259,6,0,2599174144,3216772912,4003845043329,0,39366258,38941200,0,1240,1978,181900307,1931329536,18956288
2026-10-09T03:39:26.889593+00:00,21.055753667023964,sample_1,2,,9755976120,2064637004,969,129345,6,0,2599174144,3216772912,4003845043329,0,39366258,38941200,0,1240,1978,181900307,1931329536,18956288
2026-10-09T03:39:26.893538+00:00,21.05972779201693,sample_2,2,,9755976120,2064637004,969,129345,6,0,2599174144,3216772912,4003845043329,0,39366258,38941200,0,1240,1978,181900307,1931329536,18956288
2026-10-09T03:39:27.897900+00:00,22.06406479200814,sample_2,2,,9756526891,2064726098,969,129442,6,0,2599174144,3216772912,4003845043329,0,39366258,38941200,0,1240,1978,181900307,1931329536,18956288
2026-10-09T03:39:28.903085+00:00,23.069257542025298,sample_2,2,,9757079476,2064891976,969,129545,6,0,2554626048,3216772912,4003845043329,0,39366258,38941200,0,1240,1978,181900307,1931333632,18956288
2026-10-09T03:39:29.906681+00:00,24.07288300001528,sample_2,2,,9757542257,2064983288,970,129633,6,0,2336669696,3216772912,4003845043329,0,39366258,38941200,0,1240,1978,181900307,1931350016,18956288
2026-10-09T03:39:30.911916+00:00,25.078152209025575,sample_2,2,,9758223773,2065092107,973,129741,6,0,2316697600,3216772912,4003845043329,0,39366258,38941200,0,1240,1978,181900307,1931350016,18956288
2026-10-09T03:39:31.917198+00:00,26.08345383402775,sample_2,2,,9759112162,2065208771,974,129828,6,0,2316697600,3216772912,4003845043329,0,39366258,38941200,0,1240,1978,181900307,1931366400,18956288
2026-10-09T03:39:32.922453+00:00,27.0887350840203,sample_2,2,,9759894473,2065311146,974,129917,6,0,2316697600,3216772912,4003845043329,0,39366258,38941200,0,1240,1978,181900307,1931366400,18956288
2026-10-09T03:39:33.927652+00:00,28.09394575000624,sample_2,2,,9769594663,2069725048,974,129996,6,0,2316697600,3216772912,4003845043329,0,39366258,38941200,0,1240,1978,181900307,1931366400,18956288
2026-10-09T03:39:34.932761+00:00,29.09907779202331,sample_2,2,,9789573713,2073646105,974,130081,6,0,2316697600,3216772912,4003845043329,0,39366258,38941200,0,1240,1978,181900307,1931366400,18956288
2026-10-09T03:39:35.937855+00:00,30.10419512502267,sample_2,2,,9809548674,2077525755,974,130161,6,0,2316697600,3216772912,4003845043329,0,39366258,38941200,0,1240,1978,181900307,1931366400,18956288
2026-10-09T03:39:36.938320+00:00,31.104685584024992,sample_2,2,,9829415603,2081409635,974,130243,6,0,2316697600,3216772912,4003845043329,0,39366258,38941200,0,1240,1978,181900307,1931366400,18956288
2026-10-09T03:39:37.943538+00:00,32.10993658402003,sample_2,2,,9844955327,2084330270,974,130332,6,0,2316697600,3216772912,4003845043329,0,39366258,38941200,0,1240,1978,181900307,1931366400,18956288
2026-10-09T03:39:37.947083+00:00,32.11352470901329,sample_3,2,,9844955327,2084330270,974,130332,6,0,2316697600,3216772912,4003845043329,0,39366258,38941200,0,1240,1978,181900307,1931366400,18956288
2026-10-09T03:39:38.958856+00:00,33.12529545900179,sample_3,2,,9845586798,2084413862,974,130423,6,0,2316697600,3216772912,4003845043329,0,39366258,38941200,0,1240,1978,181900307,1931366400,18956288
2026-10-09T03:39:39.963134+00:00,34.12958550002077,sample_3,2,,9846313032,2084499702,974,130505,6,0,2316697600,3216772912,4003845043329,0,39366258,38941200,0,1240,1978,181900307,1931366400,18956288
2026-10-09T03:39:40.968416+00:00,35.13488970900653,sample_3,2,,9847197731,2084678441,974,130597,6,0,2316697600,3216772912,4003845043329,0,39366258,38941200,0,1240,1978,181900307,1931366400,18956288
2026-10-09T03:39:41.973707+00:00,36.14020579200587,sample_3,2,,9847953605,2084766888,974,130683,6,0,2316697600,3216772912,4003845043329,0,39366258,38941200,0,1240,1978,181900307,1931366400,18956288
2026-10-09T03:39:42.975573+00:00,37.142094709008234,sample_3,2,,9848681482,2084865183,974,130775,6,0,2316697600,3216772912,4003845043329,0,39366258,38941200,0,1240,1978,181900307,1931366400,18956288
2026-10-09T03:39:43.977004+00:00,38.143548042018665,sample_3,2,,9849576565,2084955429,974,130859,6,0,2316697600,3216772912,4003845043329,0,39366258,38941200,0,1240,1978,181900307,1931366400,18956288
2026-10-09T03:39:44.982230+00:00,39.148787042009644,sample_3,2,,9850332003,2085054844,974,130954,6,0,2316713984,3216772912,4003845043329,0,39366258,38941200,0,1240,1978,181900307,1931366400,18956288
2026-10-09T03:39:45.987409+00:00,40.15400254202541,sample_3,2,,9850992305,2085144184,974,131044,6,0,2316713984,3216772912,4003845043329,0,39366258,38941200,0,1240,1978,181900307,1931366400,18956288
2026-10-09T03:39:46.991846+00:00,41.15846587502165,sample_3,2,,9851857269,2085238691,974,131129,6,0,2316713984,3216772912,4003845043329,0,39366258,38941200,0,1240,1978,181900307,1931366400,18956288
2026-10-09T03:39:47.993528+00:00,42.160166917019524,sample_3,2,,9852615234,2085334137,975,131218,6,0,2316713984,3216772912,4003845043329,0,39366258,38941200,0,1240,1978,181900307,1931366400,18956288
2026-10-09T03:39:48.996182+00:00,43.162846084014745,sample_3,2,,9853168291,2085408974,975,131307,6,0,2316713984,3216772912,4003845043329,0,39366258,38941200,0,1240,1978,181900307,1931366400,18956288
2026-10-09T03:39:48.996548+00:00,43.16319704201305,recovery,2,,9853168291,2085408974,975,131307,6,0,2316713984,3216772912,4003845043329,0,39366258,38941200,0,1240,1978,181900307,1931366400,18956288
2026-10-09T03:39:50.001690+00:00,44.1683684590098,recovery,2,,9854101981,2085511233,975,131394,6,0,2316713984,3216772912,4003845043329,0,39366258,38941200,0,1240,1978,181900307,1931366400,18956288
2026-10-09T03:39:51.002908+00:00,45.16962300002342,recovery,2,,9854835395,2085611141,975,131483,6,0,2316713984,3216772912,4003845043329,0,39366258,38941200,0,1240,1978,181900307,1931366400,18956288
2026-10-09T03:39:52.008208+00:00,46.17494416702539,recovery,2,,9855568936,2085698828,975,131571,6,0,2316713984,3216772912,4003845043329,0,39366258,38941200,0,1240,1978,181900307,1931366400,18956288
2026-10-09T03:39:53.013501+00:00,47.18026037502568,recovery,2,,9856508160,2085798757,975,131657,6,0,2316713984,3216772912,4003845043329,0,39366258,38941200,0,1240,1978,181900307,1931366400,18956288
2026-10-09T03:39:54.018775+00:00,48.185558584023966,recovery,2,,9857257209,2085888561,977,131745,6,0,2316713984,3216772912,4003845043329,0,39366258,38941200,0,1240,1978,181900307,1931366400,18956288
2026-10-09T03:39:55.024048+00:00,49.19085262500448,recovery,2,,9857977262,2085974282,977,131836,6,0,2316713984,3216772912,4003845043329,0,39366258,38941200,0,1240,1978,181900307,1931366400,18956288
2026-10-09T03:39:56.029267+00:00,50.19608775002416,recovery,2,,9870207949,2088328177,978,131925,6,0,2316713984,3216772912,4003845043329,0,39366258,38941200,0,1240,1978,181900307,1931366400,18956288
2026-10-09T03:39:57.034386+00:00,51.2012308340054,recovery,2,,9890813344,2092236226,978,132008,6,0,2316713984,3216772912,4003845043329,0,39366258,38941200,0,1240,1978,181900307,1931366400,18956288
2026-10-09T03:39:58.039503+00:00,52.20637275002082,recovery,2,,9911416172,2096120651,978,132092,6,0,2316713984,3216772912,4003845043329,0,39366258,38941200,0,1240,1978,181900307,1931366400,18956288
2026-10-09T03:39:59.001346+00:00,53.16823733400088,recovery,2,,9931658231,2099394945,978,132182,6,0,2316713984,3216772912,4003845043329,0,39366258,38941200,0,1240,1978,181900307,1931366400,18956288
